account_id,customer_id,account_type,display_name,sector,country_code,address_id,employer_id,opened_date,declared_monthly_income,declared_employee_count,account_status
ACC-C-003,CUS-C-003,CORPORATE,Horizon Works Construction Ltd,CONSTRUCTION,GB,ADDR-RING-01,EMP-RING-01,2023-03-11,28000,2,ACTIVE
ACC-I-101,CUS-I-101,INDIVIDUAL,Milan Petrov,CONSTRUCTION,RO,ADDR-RING-02,EMP-RING-01,2024-01-08,1520,,ACTIVE
ACC-I-102,CUS-I-102,INDIVIDUAL,Vinh Tran,CONSTRUCTION,VN,ADDR-RING-02,EMP-RING-01,2024-01-15,1520,,ACTIVE
ACC-I-103,CUS-I-103,INDIVIDUAL,Ana Popescu,CONSTRUCTION,RO,ADDR-RING-03,EMP-RING-01,2024-02-01,1520,,ACTIVE
ACC-I-104,CUS-I-104,INDIVIDUAL,Niran Chai,CONSTRUCTION,TH,ADDR-RING-03,EMP-RING-01,2024-02-03,1520,,ACTIVE
ACC-I-105,CUS-I-105,INDIVIDUAL,Ravi Das,CONSTRUCTION,IN,ADDR-RING-04,EMP-RING-01,2024-02-18,1520,,ACTIVE
ACC-I-106,CUS-I-106,INDIVIDUAL,Controller Account,LABOUR_SERVICES,GB,ADDR-RING-05,EMP-RING-99,2023-10-21,2400,,ACTIVE
ACC-I-107,CUS-I-107,INDIVIDUAL,Funnel Account,CASH_SERVICES,GB,ADDR-RING-05,EMP-RING-99,2023-11-02,2200,,ACTIVE
ACC-C-010,CUS-C-010,CORPORATE,Northstar Design Studio,PROFESSIONAL_SERVICES,GB,ADDR-CONTROL-10,EMP-CONTROL-10,2021-04-08,52000,12,ACTIVE
ACC-I-201,CUS-I-201,INDIVIDUAL,Emily Carter,PROFESSIONAL_SERVICES,GB,ADDR-CONTROL-11,EMP-CONTROL-10,2020-09-14,3600,,ACTIVE

