transaction_id,transaction_ts,from_account_id,to_account_id,amount,currency,transaction_type,channel,counterparty_country,merchant_category,description
TX-C003-001,2026-05-31T00:00:00Z,ACC-C-003,ACC-I-101,1520,GBP,PAYROLL,BATCH,GB,PAYROLL,Monthly wage credit
TX-C003-002,2026-05-31T00:00:00Z,ACC-C-003,ACC-I-102,1520,GBP,PAYROLL,BATCH,GB,PAYROLL,Monthly wage credit
TX-C003-003,2026-05-31T00:00:00Z,ACC-C-003,ACC-I-103,1520,GBP,PAYROLL,BATCH,GB,PAYROLL,Monthly wage credit
TX-C003-004,2026-05-31T00:00:00Z,ACC-C-003,ACC-I-104,1520,GBP,PAYROLL,BATCH,GB,PAYROLL,Monthly wage credit
TX-C003-005,2026-05-31T00:00:00Z,ACC-C-003,ACC-I-105,1520,GBP,PAYROLL,BATCH,GB,PAYROLL,Monthly wage credit
TX-C003-006,2026-05-31T03:00:00Z,ACC-I-101,ACC-I-106,1375,GBP,TRANSFER,MOBILE,GB,TRANSFER,Immediate onward transfer
TX-C003-007,2026-05-31T03:05:00Z,ACC-I-102,ACC-I-106,1375,GBP,TRANSFER,MOBILE,GB,TRANSFER,Immediate onward transfer
TX-C003-008,2026-05-31T03:10:00Z,ACC-I-103,ACC-I-106,1375,GBP,TRANSFER,MOBILE,GB,TRANSFER,Immediate onward transfer
TX-C003-009,2026-05-31T03:15:00Z,ACC-I-104,ACC-I-106,1375,GBP,TRANSFER,MOBILE,GB,TRANSFER,Immediate onward transfer
TX-C003-010,2026-05-31T03:20:00Z,ACC-I-105,ACC-I-106,1375,GBP,TRANSFER,MOBILE,GB,TRANSFER,Immediate onward transfer
TX-C003-011,2026-05-31T08:00:00Z,ACC-I-106,ACC-I-107,6500,GBP,TRANSFER,ONLINE,GB,TRANSFER,Consolidated settlement
TX-C003-012,2026-05-31T11:00:00Z,ACC-I-107,,6200,GBP,CASH_WITHDRAWAL,ATM,AE,CASH,Overseas cash withdrawal
TX-C003-013,2026-06-30T00:00:00Z,ACC-C-003,ACC-I-101,1520,GBP,PAYROLL,BATCH,GB,PAYROLL,Monthly wage credit
TX-C003-014,2026-06-30T00:00:00Z,ACC-C-003,ACC-I-102,1520,GBP,PAYROLL,BATCH,GB,PAYROLL,Monthly wage credit
TX-C003-015,2026-06-30T00:00:00Z,ACC-C-003,ACC-I-103,1520,GBP,PAYROLL,BATCH,GB,PAYROLL,Monthly wage credit
TX-C003-016,2026-06-30T00:00:00Z,ACC-C-003,ACC-I-104,1520,GBP,PAYROLL,BATCH,GB,PAYROLL,Monthly wage credit
TX-C003-017,2026-06-30T00:00:00Z,ACC-C-003,ACC-I-105,1520,GBP,PAYROLL,BATCH,GB,PAYROLL,Monthly wage credit
TX-C003-018,2026-06-30T03:00:00Z,ACC-I-101,ACC-I-106,1375,GBP,TRANSFER,MOBILE,GB,TRANSFER,Immediate onward transfer
TX-C003-019,2026-06-30T03:05:00Z,ACC-I-102,ACC-I-106,1375,GBP,TRANSFER,MOBILE,GB,TRANSFER,Immediate onward transfer
TX-C003-020,2026-06-30T03:10:00Z,ACC-I-103,ACC-I-106,1375,GBP,TRANSFER,MOBILE,GB,TRANSFER,Immediate onward transfer
TX-C003-021,2026-06-30T03:15:00Z,ACC-I-104,ACC-I-106,1375,GBP,TRANSFER,MOBILE,GB,TRANSFER,Immediate onward transfer
TX-C003-022,2026-06-30T03:20:00Z,ACC-I-105,ACC-I-106,1375,GBP,TRANSFER,MOBILE,GB,TRANSFER,Immediate onward transfer
TX-C003-023,2026-06-30T08:00:00Z,ACC-I-106,ACC-I-107,6500,GBP,TRANSFER,ONLINE,GB,TRANSFER,Consolidated settlement
TX-C003-024,2026-06-30T11:00:00Z,ACC-I-107,,6150,GBP,CASH_WITHDRAWAL,ATM,AE,CASH,Overseas cash withdrawal
TX-C003-025,2026-06-01T18:00:00Z,ACC-I-101,,45,GBP,CARD,POS,GB,GROCERIES,Food purchase
TX-C003-026,2026-06-01T18:05:00Z,ACC-I-102,,42,GBP,CARD,POS,GB,GROCERIES,Food purchase
TX-C003-027,2026-06-01T18:10:00Z,ACC-I-103,,38,GBP,CARD,POS,GB,GROCERIES,Food purchase
TX-C003-028,2026-06-01T18:15:00Z,ACC-I-104,,44,GBP,CARD,POS,GB,GROCERIES,Food purchase
TX-C003-029,2026-06-01T18:20:00Z,ACC-I-105,,40,GBP,CARD,POS,GB,GROCERIES,Food purchase
TX-C010-001,2026-06-30T09:00:00Z,ACC-C-010,ACC-I-201,3600,GBP,PAYROLL,BATCH,GB,PAYROLL,Monthly salary
TX-I201-001,2026-07-01T12:00:00Z,ACC-I-201,,850,GBP,TRANSFER,ONLINE,GB,HOUSING,Rent payment
TX-I201-002,2026-07-02T18:00:00Z,ACC-I-201,,128,GBP,CARD,POS,GB,GROCERIES,Household spending

